fold,thr,acc,precision,recall,f1
1,0.4,0.5,0.5,1.0,0.6666666666666666
2,0.4,0.6111111111111112,0.6470588235294118,0.9166666666666666,0.7586206896551724
3,0.4,0.6111111111111112,0.6111111111111112,1.0,0.7586206896551724
4,0.4,0.6666666666666666,0.6666666666666666,1.0,0.8
5,0.4,0.6666666666666666,0.6666666666666666,1.0,0.8
6,0.44,0.3333333333333333,0.42857142857142855,0.6,0.5
