{
  "real_f1": 0.6859037225169948,
  "perm_mean": 0.5670907818233243,
  "pval": 0.01990049751243781
}