{
  "site_acc": 0.6296296296296297,
  "site_f1": 0.7435897435897436,
  "task_acc": 0.6296296296296297,
  "task_f1": 0.7101449275362319
}