{
  "louo_f1_mean": 0.5916666666666667,
  "louo_f1_std": 0.332812092461931
}