{
  "simple_models": {
    "logreg": {
      "acc_mean": 0.6203703703703703,
      "acc_std": 0.12995989673720557,
      "f1_mean": 0.6859037225169948,
      "f1_std": 0.12257789665241806,
      "auc_mean": 0.6032738095238096,
      "auc_std": 0.1527976522518529
    },
    "svm_rbf": {
      "acc_mean": 0.5833333333333334,
      "acc_std": 0.08929306260178661,
      "f1_mean": 0.637044390601397,
      "f1_std": 0.11616303577743513,
      "auc_mean": 0.34370421245421245,
      "auc_std": 0.07622435873232093
    },
    "logreg_downsample": {
      "acc_mean": 0.5092592592592592,
      "acc_std": 0.1484372179803833,
      "f1_mean": 0.5947032436162871,
      "f1_std": 0.13808375806625905,
      "auc_mean": 0.528937728937729,
      "auc_std": 0.18324549374433752
    },
    "svm_rbf_downsample": {
      "acc_mean": 0.5277777777777778,
      "acc_std": 0.08929306260178663,
      "f1_mean": 0.6220947295775671,
      "f1_std": 0.10258642476434256,
      "auc_mean": 0.4612179487179487,
      "auc_std": 0.12698457458594917
    }
  },
  "permutation_logreg": {
    "real_f1": 0.6859037225169948,
    "perm_mean": 0.5670907818233243,
    "pval": 0.01990049751243781
  },
  "site_task_baselines": {
    "site_acc": 0.6296296296296297,
    "site_f1": 0.7435897435897436,
    "task_acc": 0.6296296296296297,
    "task_f1": 0.7101449275362319
  },
  "louo_logreg": {
    "louo_f1_mean": 0.5916666666666667,
    "louo_f1_std": 0.332812092461931
  }
}