{
  "config": {
    "WIN": 500,
    "STR": 200,
    "Seeds": [
      7,
      17,
      23
    ],
    "TopK": 5,
    "NEG_BOOST": 1.4,
    "AGG_MODE": "median",
    "AGG_TRIM_Q": 0.1,
    "VAL_FILE_RATIO": 0.35,
    "THR_RANGE": [
      0.4,
      0.8,
      101
    ],
    "weight_candidates": [
      [
        0.2,
        0.5,
        0.3
      ],
      [
        0.25,
        0.5,
        0.25
      ],
      [
        0.3,
        0.4,
        0.3
      ],
      [
        0.3,
        0.5,
        0.2
      ],
      [
        0.4,
        0.4,
        0.2
      ],
      [
        0.4,
        0.3,
        0.3
      ],
      [
        0.2,
        0.4,
        0.4
      ],
      [
        0.33,
        0.34,
        0.33
      ]
    ],
    "models": {
      "cnn": "3xConv-BN-ReLU + GAP",
      "transformer": "1x encoder (d_model=64, heads=4, ffn=128, drop=0.2)",
      "inceptiontime": "3 modules, nf=32, bottleneck=32, drop=0.2"
    }
  },
  "picked_weights": [
    [
      0.2,
      0.5,
      0.3
    ],
    [
      0.2,
      0.5,
      0.3
    ],
    [
      0.2,
      0.5,
      0.3
    ],
    [
      0.2,
      0.5,
      0.3
    ],
    [
      0.2,
      0.5,
      0.3
    ],
    [
      0.3,
      0.4,
      0.3
    ]
  ],
  "picked_thresholds": [
    0.624,
    0.4,
    0.624,
    0.4,
    0.4,
    0.624
  ],
  "Mean±STD": {
    "Accuracy": [
      0.6018518518518517,
      0.08177556357710968
    ],
    "Precision": [
      0.6067538126361655,
      0.07505438717976173
    ],
    "Recall": [
      0.9462962962962963,
      0.09173678575185802
    ],
    "F1": [
      0.7389971680826254,
      0.08216970924607074
    ]
  }
}