{
  "config": {
    "WIN": 500,
    "STR": 200,
    "Seeds": [
      7,
      17,
      23
    ],
    "TopK": 5,
    "VAL_FILE_RATIO": 0.35,
    "NEG_BOOST": 1.4,
    "THR_GRID": [
      0.4,
      0.8,
      41
    ],
    "THR_FRAC": 0.5,
    "model": "InceptionTime (3 modules, nf=32, bottleneck=32, drop=0.2)",
    "meta_features": [
      "mean",
      "median",
      "max",
      "min",
      "var",
      "std",
      "frac>0.5",
      "q1",
      "q3",
      "iqr",
      "frac>0.6",
      "frac>0.7"
    ]
  },
  "Mean±STD": {
    "Accuracy": [
      0.5555555555555555,
      0.10540925533894598
    ],
    "Precision": [
      0.641878546290311,
      0.08557171711748597
    ],
    "Recall": [
      0.6675925925925926,
      0.20047525836897426
    ],
    "F1": [
      0.6372827903091062,
      0.09711815034833877
    ]
  },
  "thr_list": [
    0.71,
    0.5900000000000001,
    0.49,
    0.4,
    0.45,
    0.5
  ]
}