{
  "weighted": null,
  "stack_xgb": {
    "mode": "stack_xgb",
    "acc_mean": 0.5740740740740741,
    "acc_std": 0.10924356447224166,
    "prec_mean": 0.6078493265993267,
    "prec_std": 0.10882081746340355,
    "rec_mean": 0.8101851851851852,
    "rec_std": 0.2006291544446338,
    "f1_mean": 0.6874788796078151,
    "f1_std": 0.12513092644696594
  },
  "config": {
    "WIN": 500,
    "STR": 200,
    "Seeds": [
      7,
      17,
      23,
      29,
      37
    ],
    "TopK": 5,
    "NEG_BOOST": 1.7,
    "AGG_MODE": "median",
    "AGG_TRIM_Q": 0.1,
    "VAL_FILE_RATIO": 0.35,
    "THR_RANGE": [
      0.4,
      0.8,
      100
    ],
    "USE_PLATT_CAL": true,
    "USE_SMOTE": true,
    "TCN": {
      "filters": 16,
      "kernel_size": 3,
      "dilations": [
        1,
        2,
        4,
        8
      ]
    },
    "weight_candidates": [
      [
        0.2,
        0.5,
        0.3
      ],
      [
        0.25,
        0.5,
        0.25
      ],
      [
        0.3,
        0.4,
        0.3
      ],
      [
        0.3,
        0.5,
        0.2
      ],
      [
        0.4,
        0.4,
        0.2
      ],
      [
        0.4,
        0.3,
        0.3
      ],
      [
        0.2,
        0.4,
        0.4
      ],
      [
        0.33,
        0.34,
        0.33
      ]
    ]
  }
}