{
  "Accuracy": [
    0.611111111111111,
    0.07027283689263063
  ],
  "Precision": [
    0.611111111111111,
    0.07027283689263063
  ],
  "Recall": [
    1.0,
    0.0
  ],
  "F1": [
    0.7565955117679256,
    0.0557373596177139
  ],
  "Config": {
    "WIN": 500,
    "STR": 200,
    "Seeds": [
      7,
      17,
      23
    ],
    "TopK": 5,
    "NEG_BOOST": 1.4,
    "AGG_MODE": "trimmed",
    "TRIM_FRAC": 0.1,
    "VAL_FILE_RATIO": 0.35,
    "THR_MIN": 0.4,
    "THR_MAX": 0.8,
    "THR_STEPS": 41,
    "RECALL_FLOOR": 0.75
  }
}