{
  "calibrated": {
    "mode": "calibrated",
    "acc_mean": 0.611111111111111,
    "acc_std": 0.07027283689263063,
    "prec_mean": 0.611111111111111,
    "prec_std": 0.07027283689263063,
    "rec_mean": 1.0,
    "rec_std": 0.0,
    "f1_mean": 0.7565955117679256,
    "f1_std": 0.0557373596177139
  },
  "grid_fbeta": {
    "mode": "grid_fbeta",
    "acc_mean": 0.6018518518518517,
    "acc_std": 0.06494695524722288,
    "prec_mean": 0.6078431372549019,
    "prec_std": 0.06757676876111283,
    "rec_mean": 0.986111111111111,
    "rec_std": 0.0340206908719886,
    "f1_mean": 0.7496989600437876,
    "f1_std": 0.05170695016814715
  },
  "config": {
    "WIN": 300,
    "STR": 150,
    "Seeds": [
      7,
      17,
      23
    ],
    "TopK": 5,
    "VAL_FILE_RATIO": 0.3,
    "FBETA": 0.7
  }
}