{
  "weighted": null,
  "stack_xgb": {
    "mode": "stack_xgb",
    "acc_mean": 0.638888888888889,
    "acc_std": 0.1349439755721235,
    "prec_mean": 0.7392676767676768,
    "prec_std": 0.1871751343400419,
    "rec_mean": 0.7413299663299663,
    "rec_std": 0.20411550189821032,
    "f1_mean": 0.7051924699026147,
    "f1_std": 0.11807041025261394
  },
  "config": {
    "WIN": 500,
    "STR": 200,
    "Seeds": [
      7,
      17,
      23
    ],
    "TopK": 5,
    "NEG_BOOST": 1.5,
    "AGG_MODE": "median",
    "AGG_TRIM_Q": 0.1,
    "VAL_FILE_RATIO": 0.35,
    "THR_RANGE": [
      0.4,
      0.8,
      100
    ],
    "USE_PLATT_CAL": true,
    "USE_SMOTE": true,
    "TCN": {
      "filters": 16,
      "kernel_size": 3,
      "dilations": [
        1,
        2,
        4,
        8
      ]
    },
    "weight_candidates": [
      [
        0.2,
        0.5,
        0.3
      ],
      [
        0.25,
        0.5,
        0.25
      ],
      [
        0.3,
        0.4,
        0.3
      ],
      [
        0.3,
        0.5,
        0.2
      ],
      [
        0.4,
        0.4,
        0.2
      ],
      [
        0.4,
        0.3,
        0.3
      ],
      [
        0.2,
        0.4,
        0.4
      ],
      [
        0.33,
        0.34,
        0.33
      ]
    ]
  }
}