{
  "weighted": null,
  "stack_xgb": {
    "mode": "stack_xgb",
    "acc_mean": 0.5833333333333334,
    "acc_std": 0.13028932666176193,
    "prec_mean": 0.6339105339105339,
    "prec_std": 0.08210874750701715,
    "rec_mean": 0.749915824915825,
    "rec_std": 0.18712797099713285,
    "f1_mean": 0.6792537172971955,
    "f1_std": 0.1108879191459292
  },
  "config": {
    "WIN": 500,
    "STR": 200,
    "Seeds": [
      7,
      17,
      23
    ],
    "TopK": 5,
    "NEG_BOOST": 2,
    "AGG_MODE": "median",
    "AGG_TRIM_Q": 0.1,
    "VAL_FILE_RATIO": 0.35,
    "THR_RANGE": [
      0.4,
      0.8,
      100
    ],
    "USE_PLATT_CAL": true,
    "USE_SMOTE": true,
    "TCN": {
      "filters": 16,
      "kernel_size": 3,
      "dilations": [
        1,
        2,
        4,
        8
      ]
    },
    "weight_candidates": [
      [
        0.2,
        0.5,
        0.3
      ],
      [
        0.25,
        0.5,
        0.25
      ],
      [
        0.3,
        0.4,
        0.3
      ],
      [
        0.3,
        0.5,
        0.2
      ],
      [
        0.4,
        0.4,
        0.2
      ],
      [
        0.4,
        0.3,
        0.3
      ],
      [
        0.2,
        0.4,
        0.4
      ],
      [
        0.33,
        0.34,
        0.33
      ]
    ]
  }
}