fold,mode,acc,precision,recall,f1,thr,w_cnn,w_trf,w_inc
1,stack_lr,0.5,0.5,1.0,0.6666666666666666,0.4,,,
2,stack_lr,0.6666666666666666,0.6666666666666666,1.0,0.8,0.4,,,
3,stack_lr,0.6111111111111112,0.6111111111111112,1.0,0.7586206896551724,0.4,,,
4,stack_lr,0.6666666666666666,0.6666666666666666,1.0,0.8,0.4,,,
5,stack_lr,0.6666666666666666,0.6666666666666666,1.0,0.8,0.4,,,
6,stack_lr,0.5555555555555556,0.5555555555555556,1.0,0.7142857142857143,0.4,,,
