{
  "weighted": null,
  "stack_xgb": {
    "mode": "stack_xgb",
    "acc_mean": 0.611111111111111,
    "acc_std": 0.07027283689263063,
    "prec_mean": 0.621031746031746,
    "prec_std": 0.050179195141955804,
    "rec_mean": 0.886026936026936,
    "rec_std": 0.1405607971186512,
    "f1_mean": 0.72866930171278,
    "f1_std": 0.0809159035101895
  },
  "config": {
    "WIN": 500,
    "STR": 200,
    "Seeds": [
      7,
      17,
      23,
      29,
      37
    ],
    "TopK": 5,
    "NEG_BOOST": 1.5,
    "AGG_MODE": "median",
    "AGG_TRIM_Q": 0.1,
    "VAL_FILE_RATIO": 0.35,
    "THR_RANGE": [
      0.4,
      0.8,
      100
    ],
    "USE_PLATT_CAL": true,
    "USE_SMOTE": false,
    "TCN": {
      "filters": 16,
      "kernel_size": 3,
      "dilations": [
        1,
        2,
        4,
        8
      ]
    },
    "weight_candidates": [
      [
        0.2,
        0.6,
        0.2
      ],
      [
        0.25,
        0.55,
        0.2
      ],
      [
        0.3,
        0.5,
        0.2
      ],
      [
        0.2,
        0.5,
        0.3
      ],
      [
        0.3,
        0.4,
        0.3
      ],
      [
        0.4,
        0.4,
        0.2
      ],
      [
        0.2,
        0.4,
        0.4
      ],
      [
        0.33,
        0.34,
        0.33
      ]
    ]
  }
}